id,value,feed_id,created_at,lat,lon,ele
0FVYZY0374VEGNRQ5B05TDD3AM,21.982420,3066712,2025-04-23 00:12:05 UTC,,,
0FVYZY48RW0H8CM8PR3F7D54V9,22.026365,3066712,2025-04-23 00:12:19 UTC,,,
0FVYZY4ZSRFG5AQBJXQHMJWDTX,22.026365,3066712,2025-04-23 00:12:21 UTC,,,
0FVYZY5HRZATSV7XXWRGEYC6VD,22.026365,3066712,2025-04-23 00:12:23 UTC,,,
0FVYZZ6ATZDB5C1RC1PRZ8CES4,22.158199,3066712,2025-04-23 00:14:10 UTC,,,
0FVYZZ71BBV71W4CAD2GWCHXKS,22.202147,3066712,2025-04-23 00:14:13 UTC,,,
0FVYZZ7H9G506NC6B61Y3R072H,22.202147,3066712,2025-04-23 00:14:14 UTC,,,
0FVYZZ8092DT45JS8CDGD54XHR,22.246092,3066712,2025-04-23 00:14:16 UTC,,,
0FVYZZ8EQP4TQ5898X7DFVFTN3,22.202147,3066712,2025-04-23 00:14:17 UTC,,,
0FVZ0NCG3SHTHX8HENDZN7EMZP,22.773434,3066712,2025-04-23 00:52:57 UTC,,,
0FVZ0NEAGTC2PYHQ9B649542NX,22.861326,3066712,2025-04-23 00:53:03 UTC,,,
0FVZ0NGBNHGWFNTZK6HDQXGX05,23.124998,3066712,2025-04-23 00:53:10 UTC,,,
0FVZ0NJMQEWPP95JC8YBNDJ69M,23.124998,3066712,2025-04-23 00:53:18 UTC,,,
0FVZ0NM1HBCMCVXNVKXHRBWFT7,23.300779,3066712,2025-04-23 00:53:22 UTC,,,
0FVZ0NNJ40PJ70F82Y955CG2F5,23.344725,3066712,2025-04-23 00:53:27 UTC,,,
0FVZ0PQW5NHN5Y8Q92KHD76RV2,22.333981,3066712,2025-04-23 00:55:20 UTC,,,
0FVZ0PTD6R8XMRBJFFZXQCRB7J,23.037106,3066712,2025-04-23 00:55:28 UTC,,,
0FVZ265NMGGKQJR32X50C5503Y,-49.340820,3066712,2025-04-23 02:18:13 UTC,,,
0FVZ26EE2WG10FSTRN901PPQ2N,-49.692383,3066712,2025-04-23 02:18:42 UTC,,,
0FVZ26F1M63Y37YA1YKKV891KY,-49.340820,3066712,2025-04-23 02:18:44 UTC,,,
0FVZ26GPRVR5VXM1THQ2Z950N0,-49.780273,3066712,2025-04-23 02:18:49 UTC,,,
0FVZ26T3BRYHCSHEBFKXA52P3R,-49.868172,3066712,2025-04-23 02:19:20 UTC,,,
0FVZ2804QQDDTF5BPAJWVH9P4W,-50.000000,3066712,2025-04-23 02:21:25 UTC,,,
0FVZ281EQ3NKAEXAXB06J3X6KD,-49.340820,3066712,2025-04-23 02:21:29 UTC,,,
0FVZ2822A6EGM54N00WR78Q127,-50.000000,3066712,2025-04-23 02:21:31 UTC,,,
0FVZ282JS2MQCQVW2VTZX3KK3D,-50.000000,3066712,2025-04-23 02:21:33 UTC,,,
0FVZ28311CKE4P8VCKJRPGG042,-50.000000,3066712,2025-04-23 02:21:34 UTC,,,
0FVZ283NQPFQQ6FTZN02NFXAN3,-49.956055,3066712,2025-04-23 02:21:36 UTC,,,
0FVZ284CH2M5JVZKFTJ76YMYK0,-50.000000,3066712,2025-04-23 02:21:39 UTC,,,
0FVZ285181C7M32329WVTRCWXN,-50.000000,3066712,2025-04-23 02:21:41 UTC,,,
0FVZ285P2TRJCNMPPB2S5FFMEP,-49.384766,3066712,2025-04-23 02:21:43 UTC,,,
0FVZ286A6PKJVJQD995ZAX9ERN,-50.000000,3066712,2025-04-23 02:21:45 UTC,,,
0FVZ286RY7GSJ0H56SCZXYV61C,-49.648445,3066712,2025-04-23 02:21:46 UTC,,,
0FVZ28NH67SARR9G7GDQ4RV80A,-49.648445,3066712,2025-04-23 02:22:35 UTC,,,
0FVZ28P47KMRQ1F5JA0Z8T07T5,-50.000000,3066712,2025-04-23 02:22:37 UTC,,,
0FVZ28PQQBYTCSVY0PBEYFCGQA,-50.000000,3066712,2025-04-23 02:22:39 UTC,,,
0FVZ28R1NPD0FW01DEA7WBQE8E,-49.956055,3066712,2025-04-23 02:22:43 UTC,,,
0FVZ2BCDKG59XRWBRMAAYGVR0S,-50.000000,3066712,2025-04-23 02:27:19 UTC,,,
0FVZ2BD5ED2RF0N8X6Z5NKNK76,-50.000000,3066712,2025-04-23 02:27:22 UTC,,,
0FVZ2BDPGETC1PVF5CZPBGH166,-49.780273,3066712,2025-04-23 02:27:24 UTC,,,
0FVZ2BT26R7J2708RSVTGND3QM,-49.956055,3066712,2025-04-23 02:28:04 UTC,,,
0FVZ2GNCH7Z02D04MZTSZ20102,-49.428719,3066712,2025-04-23 02:36:33 UTC,,,
0FVZ2GP1C8AKWTVXC4WY6EAYKC,-49.912109,3066712,2025-04-23 02:36:35 UTC,,,
0FW2SMYCT3QKAE0VGDA1BFSPFA,22.509766,3066712,2025-04-27 17:39:00 UTC,,,
0FW2SMZTHFWPVZ54RAZ9TRP3TN,22.465818,3066712,2025-04-27 17:39:04 UTC,,,
0FW2T3KTD4FHP09ZJRH1VKYM4W,27.387691,3066712,2025-04-27 18:04:38 UTC,,,
0FW2T8Y9KXCDZGK504355QGDY6,45.185543,3066712,2025-04-27 18:13:57 UTC,,,
0FW2T8ZPH1DD93KANS2PSRS60B,43.867184,3066712,2025-04-27 18:14:01 UTC,,,
0FW2T90NYN7QNCNAEZR9S8PX15,46.152344,3066712,2025-04-27 18:14:04 UTC,,,
0FW2T919MAM86X2JKG3KNYSA37,46.020508,3066712,2025-04-27 18:14:06 UTC,,,
0FW2T92NK9C78GZJKAWENR9P0T,44.570309,3066712,2025-04-27 18:14:11 UTC,,,
0FW2T938MY0K5TA8BY9CNXJXDX,44.570309,3066712,2025-04-27 18:14:13 UTC,,,
0FW2T93WKVWJB9ZA3ND0B665D8,47.734375,3066712,2025-04-27 18:14:15 UTC,,,
0FW2T94NRPR2R1W2RH6FVHAF8J,44.877930,3066712,2025-04-27 18:14:18 UTC,,,
0FW2TW34G23HB2BJEQKGAZAJQP,46.196289,3066712,2025-04-27 18:47:25 UTC,,,
0FW2TW3R1KE493SJ2A257RMHYD,48.920895,3066712,2025-04-27 18:47:27 UTC,,,
0FW2TW48YSWMPVARY3CH7YVSNK,47.690430,3066712,2025-04-27 18:47:29 UTC,,,
0FW2TW6J17BQ0CF3E6D2Q4NJ2J,48.920895,3066712,2025-04-27 18:47:36 UTC,,,
0FW2TW7JSVEJFS3F3DM9BSBQJN,49.799801,3066712,2025-04-27 18:47:39 UTC,,,
0FW2TW8A470V38BG9QX3WY4VQB,52.172852,3066712,2025-04-27 18:47:42 UTC,,,
0FW2TW957JAK781KBQKDAEN82A,58.193363,3066712,2025-04-27 18:47:45 UTC,,,
0FW2TW9KSJHKEQCMVB4XGNW9B2,52.919926,3066712,2025-04-27 18:47:46 UTC,,,
0FW2TWA08MD68JY9RYR1HQ0CGN,53.579105,3066712,2025-04-27 18:47:47 UTC,,,
0FW2TWACQWB7820NZ7X4HANX2A,52.348625,3066712,2025-04-27 18:47:49 UTC,,,
0FW2TWARCEX1HQKE295TWAVHP5,52.172852,3066712,2025-04-27 18:47:50 UTC,,,
0FW4ANZ6ENRTH3QSRAS4KEYKXQ,23.520506,3066712,2025-04-29 15:21:04 UTC,,,
0FW4AP0H693V9R3TJBZS9739R1,23.652340,3066712,2025-04-29 15:21:08 UTC,,,
0FW4AP3XYD7YBZ0AAYR1GJ90CX,25.278318,3066712,2025-04-29 15:21:20 UTC,,,
0FW4AQFKAZ62AY7K7652B93STQ,24.047852,3066712,2025-04-29 15:23:43 UTC,,,
0FW4AQHZXN7QT7AS0CJQB4WJG3,24.091793,3066712,2025-04-29 15:23:50 UTC,,,
0FW4AQN8V43AW1S3VGJH8178NG,24.003904,3066712,2025-04-29 15:24:01 UTC,,,
0FW4AQP1ZMSHWF7AKX2BC8X95C,24.003904,3066712,2025-04-29 15:24:04 UTC,,,
0FW4AQQ08A12GTGRDVHJX0T24N,24.223631,3066712,2025-04-29 15:24:07 UTC,,,
0FW4AQR7B3V92TY539614YMF54,24.047852,3066712,2025-04-29 15:24:11 UTC,,,
0FW4AQSRD1JME4VB72KAH7J36E,26.289059,3066712,2025-04-29 15:24:16 UTC,,,
0FW4AQTWGBA2DBRQ5MTEMHCJQW,26.245117,3066712,2025-04-29 15:24:20 UTC,,,
0FW4AQWBM6TYMHE5HDSEV2M1TK,25.585938,3066712,2025-04-29 15:24:24 UTC,,,
0FW4AQWV2C6CZFRBJ4R032NQRP,25.585938,3066712,2025-04-29 15:24:26 UTC,,,
0FW4AQXBNTAVE0D7QQRSNM26Y0,25.454098,3066712,2025-04-29 15:24:28 UTC,,,
0FW4AQXWR9856CZ2CQ9TNN2RFX,25.146484,3066712,2025-04-29 15:24:29 UTC,,,
0FW4BBKK125SA52PJ6FA3E4Z7V,25.058592,3066712,2025-04-29 15:58:53 UTC,,,
0FW4BBNF95H2H0AGQS4KRV9G75,25.278318,3066712,2025-04-29 15:58:59 UTC,,,
0FW4BBPMBA73TFWTTSXFJMRJ33,25.014645,3066712,2025-04-29 15:59:03 UTC,,,
0FW4BBQTD64HQN42ZG9810BWVB,25.102537,3066712,2025-04-29 15:59:07 UTC,,,
0FW4BBT4K9H2E1E09ZY40EDRVN,25.717772,3066712,2025-04-29 15:59:14 UTC,,,
0FW4BCCZ550JNCG38XPADQW60E,25.190426,3066712,2025-04-29 16:00:16 UTC,,,
0FW4BCGPD24WNMFEG11SZBSK2F,25.585938,3066712,2025-04-29 16:00:28 UTC,,,
0FW4BCJD9B1M9DEXJH5MTNZWTD,25.937498,3066712,2025-04-29 16:00:34 UTC,,,
0FW4BCKJ9PGGS6J6KP99TN8B94,25.761717,3066712,2025-04-29 16:00:38 UTC,,,
0FW4BCMGTAH6R7ENG6CDC1H4G2,26.420897,3066712,2025-04-29 16:00:41 UTC,,,
0FW4BDM76V5NV57NC8W90HMMM7,25.629879,3066712,2025-04-29 16:02:25 UTC,,,
0FW4NQG03TTK8GA2G8K40VQYQQ,24.750973,3066712,2025-04-30 01:38:54 UTC,,,
